{
  "device": "cuda",
  "epochs": 20,
  "batch_size": 32,
  "lr": 0.001,
  "best_epoch": 20,
  "best_val_acc_c1": 0.7576582709326072,
  "best_val_acc_c2": 0.9068934646374217,
  "test_acc_c1": 0.8011472275334608,
  "test_acc_c2": 0.9175864606328182,
  "test_n_c1": 1046,
  "test_n_c2": 1359,
  "model_params": 121439,
  "channels": 486,
  "c1_classes": [
    "M01",
    "M02",
    "M03",
    "M04",
    "M05",
    "M06",
    "M07",
    "M08",
    "M09",
    "M10",
    "M11",
    "M12",
    "M13",
    "M14",
    "M15",
    "M16",
    "M17",
    "M18",
    "M19",
    "M20",
    "M21"
  ],
  "c2_classes": [
    "A01",
    "A02",
    "A03",
    "A04",
    "A05",
    "A06",
    "A07",
    "A08",
    "A09",
    "A10"
  ]
}